{
	"resultset": {
		"row": [
		{
			"field": [10010031,
			1,
			1,
			1,
			"God earth light."]
		},
		{
			"field": [1001002,
			1,
			1,
			2,
			"god earth."]
		},
		{
			"field": [1001003,
			1,
			1,
			3,
			"light earth "]
		},
		{
			"field": [1001004,
			1,
			1,
			4,
			"dog, one"]
		},
		{
			"field": [1001005,
			1,
			1,
			5,
			"dog, two"]
		},
		{
			"field": [1001006,
			1,
			1,
			6,
			"dog, three"]
		},
		{
			"field": [1001007,
			1,
			1,
			7,
			"dog, three, three, four"]
		},
		{
			"field": [1001008,
			1,
			1,
			8,
			"where the fuck is this one"]
		}]
	}
}
